code,mean0,err0,std0,min0,max0,mean1,err1,std1,min1,max1
100,93.84,-6.16,0.784,92,95,94.26,-5.74,0.716,93,96
200,192.8,-7.2,1.0,191,194,191.12,-8.88,1.532,188,193
300,292.52,-7.48,0.83,291,294,291.94,-8.06,1.714,288,293
400,393.04,-6.96,0.871,391,394,393.42,-6.58,1.443,390,395
500,494.06,-5.94,1.028,492,495,493.58,-6.42,0.695,492,495
600,594.88,-5.12,0.952,593,596,591.4,-8.6,1.549,589,594
700,695.54,-4.46,0.83,694,697,690.34,-9.66,1.818,687,692
800,795.48,-4.52,0.781,794,796,792.34,-7.66,1.935,789,794
900,895.56,-4.44,0.875,894,897,895.96,-4.04,1.876,893,898
1000,996.22,-3.78,0.756,994,997,995.12,-4.88,1.492,991,996
1100,1095.76,-4.24,0.814,1094,1097,1093.08,-6.92,1.776,1090,1095
1200,1195.4,-4.6,0.849,1194,1196,1193.34,-6.66,1.773,1190,1195
1300,1294.02,-5.98,1.068,1292,1295,1293.38,-6.62,0.66,1292,1294
1400,1394.7,-5.3,0.671,1393,1396,1393.56,-6.44,0.753,1392,1396
1500,1495.04,-4.96,0.824,1493,1496,1494.14,-5.86,1.562,1491,1496
1600,1596.2,-3.8,0.775,1595,1598,1593.94,-6.06,1.529,1591,1596
1700,1694.8,-5.2,0.49,1694,1696,1694.1,-5.9,1.17,1692,1697
1800,1793.78,-6.22,1.025,1792,1795,1795.32,-4.68,0.546,1795,1797
1900,1894.26,-5.74,0.82,1892,1895,1893.64,-6.36,0.625,1892,1895
2000,1994.46,-5.54,0.877,1992,1996,1992.8,-7.2,0.8,1991,1995
2100,2095.74,-4.26,0.594,2094,2097,2095.56,-4.44,1.402,2092,2097
2200,2195.74,-4.26,0.743,2194,2197,2196.24,-3.76,1.517,2193,2198
2300,2295.48,-4.52,0.728,2294,2296,2294.9,-5.1,1.64,2292,2297
2400,2395.04,-4.96,0.848,2393,2396,2392.46,-7.54,1.22,2390,2395
2500,2494.92,-5.08,0.717,2494,2496,2492.04,-7.96,1.356,2490,2495
2600,2594.92,-5.08,0.717,2593,2596,2593.94,-6.06,1.24,2592,2596
2700,2694.58,-5.42,0.695,2692,2696,2694.6,-5.4,0.721,2693,2697
2800,2794.22,-5.78,0.878,2792,2796,2794.66,-5.34,0.79,2793,2797
2900,2894.28,-5.72,0.849,2892,2895,2893.98,-6.02,0.812,2892,2895
3000,2994.74,-5.26,0.626,2993,2996,2993.38,-6.62,0.869,2992,2995
3100,3095.08,-4.92,0.77,3094,3096,3096.6,-3.4,1.562,3094,3099
3200,3194.62,-5.38,0.998,3193,3196,3197.62,-2.38,1.056,3196,3199
3300,3293.46,-6.54,1.024,3292,3295,3296.0,-4.0,0.693,3294,3297
3400,3392.6,-7.4,0.849,3391,3395,3394.9,-5.1,1.005,3392,3397
3500,3493.6,-6.4,1.077,3491,3495,3495.26,-4.74,0.594,3494,3497
3600,3593.3,-6.7,1.063,3592,3595,3598.42,-1.58,0.695,3597,3599
3700,3691.8,-8.2,0.748,3690,3694,3696.64,-3.36,1.411,3694,3699
3800,3791.1,-8.9,0.5,3790,3792,3793.34,-6.66,1.478,3791,3797
3900,3891.62,-8.38,0.596,3890,3893,3892.06,-7.94,1.207,3890,3895
3995,3984.64,-10.36,1.127,3983,3987,3987.92,-7.08,1.44,3985,3991
